"","Photo","Cond","Ci","Trmmol","VPD","SetLA","StmRat","BLCond","Tair","Tleaf","TBlk","CO2R","CO2S","H2OR","H2OS","RH_R","RH_S","Flow","Pari","Press","id"
"1",7.55570739,0.078274372,212.9271021,1.857349413,2.335743556,6,0.5,2.25,28.70649338,33.77699661,27.2088871,400.1597595,383.6351318,26.03631592,29.63832855,65.34484863,74.38502502,300.2156067,1799.667603,99.23509216,"Horizontes_Gulm_4"
"2",8.719294305,0.094231356,216.6518778,2.111517657,2.221271684,6,0.5,2.25,28.58149338,33.51311493,27.07660866,400.1447144,381.1099854,25.91990662,30.01333427,65.52522278,75.87335968,300.2096252,1800.669556,99.23363495,"Horizontes_Gulm_4"
"3",17.9768494,0.105187007,262.6386783,2.228324361,2.110581736,6,0.5,2.25,28.38247108,33.19734955,26.88573456,599.9869385,561.5577393,25.89107323,30.21003342,66.21265411,77.25776672,300.2120667,1800.592651,99.23251343,"Horizontes_Gulm_4"
"4",25.91194217,0.11259146,342.1814839,2.308892317,2.049788952,6,0.5,2.25,28.23127747,33.03212357,26.7369194,800.0073242,744.781189,25.87369156,30.34833717,66.75048828,78.29444122,300.2009277,1800.207153,99.22929382,"Horizontes_Gulm_4"
"5",32.7502477,0.115667205,434.4709699,2.305318877,1.995300831,6,0.5,2.25,28.10341644,32.83440018,26.61137772,999.8995361,930.1555176,25.86706161,30.33494759,67.22917938,78.84133148,300.1939392,1799.690186,99.22507477,"Horizontes_Gulm_4"
"6",38.43120852,0.116763898,540.6714773,2.310838136,1.982354693,6,0.5,2.25,28.02322006,32.77681732,26.52857399,1200.097534,1118.119385,25.8243084,30.30310059,67.43052673,79.12522125,300.1897583,1800.211914,99.22226715,"Horizontes_Gulm_4"
"7",46.24890289,0.115926819,700.1192875,2.285879564,1.974713366,6,0.5,2.25,27.9312973,32.70569992,26.4494133,1500.054199,1401.208374,25.74839973,30.17958641,67.5927887,79.2252121,300.1759338,1799.605103,99.22103119,"Horizontes_Gulm_4"
"8",57.75810334,0.117251959,1005.391286,2.316861691,1.979884189,6,0.5,2.25,27.94749451,32.72224808,26.45660591,2000.431396,1876.302368,25.68378258,30.17473793,67.3582077,79.13616943,300.1968384,1799.167236,99.21912384,"Horizontes_Gulm_4"
