"","Photo","Cond","Ci","Trmmol","VPD","LA","StmRat","BLCond","Tair","Tleaf","TBlk","CO2R","CO2S","H2OR","H2OS","RH_R","RH_S","Flow","Pari","Press","id"
"1",5.946334753,0.013286045,52.52789156,0.302432997,2.19134082,6,0.5,2.25,32.35178757,31.82980156,31.66861725,799.9852905,787.6254883,24.96020889,25.54917908,50.90196609,52.10306549,300.2251282,1799.967041,99.33528137,"Horizontes_Codo_3"
"2",9.713642533,0.019544001,155.9828141,0.468550185,2.311597383,6,0.5,2.25,33.24235916,32.44510269,32.33107758,999.3798218,979.0508423,25.1131916,26.02519608,48.70862961,50.47751999,300.2327881,1798.615112,99.33113098,"Horizontes_Codo_3"
"3",15.19720345,0.028516322,280.6109411,0.623576657,2.117770131,6,0.5,2.25,32.54430771,31.93673897,31.78175735,1199.998169,1168.172241,25.36660385,26.57964134,51.17087173,53.61787415,300.2391357,1800.521851,99.33324432,"Horizontes_Codo_3"
"4",21.60769549,0.035777385,439.6241179,0.815870522,2.213194612,6,0.5,2.25,33.33127594,32.47219849,32.39944077,1499.6698,1454.116699,25.50495911,27.09127426,49.22243881,52.2838974,300.2307129,1799.798096,99.33106995,"Horizontes_Codo_3"
"5",31.61448488,0.045613064,759.7566714,0.94506513,2.020588184,6,0.5,2.25,32.56428528,31.91217804,31.8236351,2000.213135,1933.383423,25.65672684,27.49341774,51.69408417,55.39471436,300.2406311,1800.984253,99.32597351,"Horizontes_Codo_3"
