"","Photo","Cond","Ci","Trmmol","VPD","LA","StmRat","BLCond","Tair","Tleaf","TBlk","CO2R","CO2S","H2OR","H2OS","RH_R","RH_S","Flow","Pari","Press","id"
"1",0.485508725,0.00568762,447.1807928,0.102359256,1.779212042,6,0.5,2.25,24.02980804,24.8970356,24.48556328,600.2460938,599.1533813,13.48727608,13.68901443,45.34973526,46.02806091,300.2643433,1800.569092,100.8837357,"LaSelva_Pmac_2"
"2",1.110352508,0.006093865,486.8540651,0.109942298,1.783902934,6,0.5,2.25,24.03512001,24.90529633,24.48566628,800.0397339,797.645752,13.44168758,13.65837765,45.18064499,45.90898895,300.264801,1800.440552,100.8806458,"LaSelva_Pmac_2"
"3",1.75247738,0.00738801,592.6682707,0.133537142,1.788161121,6,0.5,2.25,24.03888893,24.92239952,24.48556709,1000.073242,996.3052368,13.38529587,13.64851284,44.97976303,45.86427307,300.2417908,1800.215088,100.8780594,"LaSelva_Pmac_2"
"4",3.518098191,0.010324991,619.1374732,0.184928928,1.774313491,6,0.5,2.25,24.04709435,24.86899376,24.48532295,1199.989258,1192.518066,13.32132626,13.6858263,44.74321365,45.96748734,300.2436218,1799.736816,100.8791046,"LaSelva_Pmac_2"
"5",7.016357833,0.016211249,756.2677573,0.288119875,1.765124782,6,0.5,2.25,24.21053314,24.89142799,24.71945381,1499.974609,1485.097656,13.25057316,13.81840992,44.07245255,45.96112442,300.232605,1799.735596,100.8820114,"LaSelva_Pmac_2"
"6",9.637518158,0.022808124,1251.750947,0.399362589,1.744019345,6,0.5,2.25,24.3766098,24.86172485,24.9457283,2000.187622,1979.348511,13.18478394,13.97171211,43.42067337,46.01221848,300.2430115,1799.591309,100.8852539,"LaSelva_Pmac_2"
